-- ###############################
-- ##### AutoRental - MYSQL2 #####
-- ###############################

CREATE DATABASE auto_rental;
USE auto_rental;

CREATE TABLE vehiculo(
	id INT PRIMARY KEY,
    tipo VARCHAR(50),
    placa VARCHAR(20) NOT NULL,
    referencia VARCHAR(100) NOT NULL,
    modelo YEAR NOT NULL,
    puertas TINYINT(1),
    capacidad INT NOT NULL,
    sunroof TINYINT(1),
    motor VARCHAR(50) NOT NULL,
    color VARCHAR(50) NOT NULL
);

CREATE TABLE cliente(
	id INT PRIMARY KEY,
    cedula VARCHAR(20) NOT NULL,
    nombres VARCHAR(100) NOT NULL,
    apellidos VARCHAR(100) NOT NULL,
    direccion VARCHAR(100) NOT NULL,
    ciudad VARCHAR(100) NOT NULL,
    celular VARCHAR(20) NOT NULL,
    correo VARCHAR(100)
);

CREATE TABLE sucursal(
	id INT PRIMARY KEY,
	ciudad VARCHAR(100) NOT NULL,
    direccion VARCHAR(100) NOT NULL,
    telefono VARCHAR(20) NOT NULL,
    celular VARCHAR(20) NOT NULL,
    correo VARCHAR(100) NOT NULL
);

CREATE TABLE empleado(
	id INT PRIMARY KEY,
    id_sucursal INT NOT NULL,
    cedula VARCHAR(20) NOT NULL,
    nombres VARCHAR(100) NOT NULL,
    apellidos VARCHAR(100) NOT NULL,
    direccion VARCHAR(100) NOT NULL,
    ciudad VARCHAR(100) NOT NULL,
    celular VARCHAR(20) NOT NULL,
    correo VARCHAR(100) NOT NULL,
    FOREIGN KEY (id_sucursal) REFERENCES sucursal(id)
);

CREATE TABLE alquiler(
	id INT PRIMARY KEY,
    id_vehiculo INT NOT NULL,
    id_cliente INT NOT NULL,
    id_empleado INT NOT NULL,
    sucursal_salida INT NOT NULL,
    fecha_salida DATE NOT NULL,
    sucursal_llegada INT NOT NULL,
    fecha_llegada DATE NOT NULL,
    fecha_esperada_llegada DATE NOT NULL,
    alquiler_semana DECIMAL(10,2) NOT NULL,
    alquiler_dia DECIMAL(10,2) NOT NULL,
    descuento FLOAT,
    valor_cotizado DECIMAL(10,2) NOT NULL,
    valor_pagado DECIMAL(10,2) NOT NULL,
	FOREIGN KEY (id_vehiculo) REFERENCES vehiculo(id),
    FOREIGN KEY (id_cliente) REFERENCES cliente(id),
    FOREIGN KEY (id_empleado) REFERENCES empleado(id),
    FOREIGN KEY (sucursal_salida) REFERENCES sucursal(id),
    FOREIGN KEY (sucursal_llegada) REFERENCES sucursal(id)
);

SHOW TABLES;

-- VEHICULO
INSERT INTO vehiculo (id, tipo, placa, referencia, modelo, puertas, capacidad, sunroof, motor, color) VALUES
(1, 'Sedán', 'ABC123', 'Toyota Corolla', 2022, 4, 5, 0, 'Gasolina', 'Rojo'),
(2, 'Compacto', 'XYZ789', 'Honda Civic', 2021, 4, 5, 1, 'Gasolina', 'Blanco'),
(3, 'SUV', 'DEF456', 'Mitsubishi Outlander', 2020, 5, 7, 0, 'Híbrido', 'Gris'),
(4, 'Camioneta Platón', 'GHI789', 'Toyota Hilux', 2019, 4, 5, 0, 'Diesel', 'Negro'),
(5, 'Deportivo', 'JKL321', 'Ford Mustang', 2023, 2, 4, 0, 'Gasolina', 'Azul'),
(6, 'SUV', 'MNO987', 'Kia Sportage', 2021, 5, 5, 0, 'Gasolina', 'Plata'),
(7, 'Sedán', 'PQR456', 'Chevrolet Spark', 2022, 4, 4, 0, 'Gasolina', 'Blanco'),
(8, 'Camioneta Lujo', 'STU789', 'Nissan Pathfinder', 2020, 4, 7, 0, 'Gasolina', 'Rojo'),
(9, 'SUV', 'VWX123', 'Hyundai Tucson', 2021, 5, 5, 1, 'Gasolina', 'Negro'),
(10, 'Compacto', 'YZA789', 'Volkswagen Golf', 2023, 4, 5, 0, 'Gasolina', 'Azul'),
(11, 'Deportivo', 'BCD456', 'Subaru WRX', 2020, 2, 4, 0, 'Gasolina', 'Rojo'),
(12, 'Camioneta Platón', 'EFG789', 'Ford Ranger', 2021, 4, 5, 0, 'Diesel', 'Negro'),
(13, 'Sedán', 'HIJ321', 'BMW Serie 3', 2022, 4, 5, 0, 'Gasolina', 'Blanco'),
(14, 'SUV', 'KLM987', 'Mazda CX-5', 2020, 5, 5, 1, 'Gasolina', 'Rojo'),
(15, 'Deportivo', 'NOP456', 'Chevrolet Camaro', 2023, 2, 4, 0, 'Gasolina', 'Gris'),
(16, 'SUV', 'QRS123', 'Jeep Grand Cherokee', 2021, 5, 5, 0, 'Gasolina', 'Negro'),
(17, 'Camioneta Lujo', 'TUV789', 'Range Rover Velar', 2019, 4, 5, 0, 'Diesel', 'Azul'),
(18, 'Compacto', 'WXY321', 'Seat Ibiza', 2022, 4, 5, 0, 'Gasolina', 'Blanco'),
(19, 'SUV', 'ZAB987', 'Volvo XC60', 2020, 5, 5, 1, 'Gasolina', 'Negro'),
(20, 'Sedán', 'CDE456', 'Hyundai Elantra', 2023, 4, 5, 0, 'Gasolina', 'Gris'),
(21, 'Deportivo', 'FGH123', 'Porsche 911', 2021, 2, 4, 0, 'Gasolina', 'Rojo'),
(22, 'Camioneta Platón', 'IJK789', 'Toyota Tacoma', 2020, 4, 5, 0, 'Gasolina', 'Negro'),
(23, 'Compacto', 'LMN321', 'Renault Clio', 2022, 4, 5, 0, 'Gasolina', 'Blanco'),
(24, 'SUV', 'OPQ987', 'Honda CR-V', 2020, 5, 5, 1, 'Gasolina', 'Gris'),
(25, 'Deportivo', 'RST456', 'Ford Mustang GT', 2023, 2, 4, 0, 'Gasolina', 'Azul'),
(26, 'SUV', 'UVW123', 'Tesla Model X', 2021, 5, 5, 0, 'Eléctrico', 'Blanco'),
(27, 'Camioneta Lujo', 'XYZ789', 'Mercedes-Benz GLE', 2019, 4, 5, 0, 'Gasolina', 'Negro'),
(28, 'Compacto', 'ABC456', 'Peugeot 208', 2022, 4, 5, 0, 'Gasolina', 'Rojo'),
(29, 'SUV', 'DEF123', 'Lexus NX', 2020, 5, 5, 1, 'Gasolina', 'Gris'),
(30, 'Sedán', 'GHI789', 'Audi A3', 2023, 4, 5, 0, 'Gasolina', 'Azul'),
(31, 'Deportivo', 'JKL456', 'BMW M4', 2021, 2, 4, 0, 'Gasolina', 'Blanco'),
(32, 'Camioneta Platón', 'MNO123', 'Ram 1500', 2020, 4, 5, 0, 'Gasolina', 'Negro'),
(33, 'Compacto', 'PQR789', 'Kia Rio', 2022, 4, 5, 0, 'Gasolina', 'Rojo'),
(34, 'SUV', 'STU123', 'Infiniti QX60', 2020, 5, 5, 1, 'Gasolina', 'Gris'),
(35, 'Sedán', 'VWX456', 'Volvo S60', 2023, 4, 5, 0, 'Gasolina', 'Azul'),
(36, 'Deportivo', 'YZA123', 'Ford Mustang Mach-E', 2021, 4, 5, 0, 'Eléctrico', 'Blanco'),
(37, 'Camioneta Lujo', 'BCD789', 'Audi Q7', 2020, 4, 5, 0, 'Gasolina', 'Negro'),
(38, 'Compacto', 'EFG123', 'Renault Captur', 2022, 4, 5, 0, 'Gasolina', 'Rojo'),
(39, 'SUV', 'HIJ789', 'Subaru Ascent', 2020, 5, 5, 1, 'Gasolina', 'Gris'),
(40, 'Sedán', 'KLM456', 'Chevrolet Malibu', 2023, 4, 5, 0, 'Gasolina', 'Azul'),
(41, 'Deportivo', 'NOP123', 'Nissan 370Z', 2021, 2, 4, 0, 'Gasolina', 'Blanco'),
(42, 'Camioneta Platón', 'QRS789', 'Ford F-150', 2020, 4, 5, 0, 'Gasolina', 'Negro'),
(43, 'Compacto', 'TUV123', 'Hyundai Accent', 2022, 4, 5, 0, 'Gasolina', 'Rojo'),
(44, 'SUV', 'WXY789', 'Jeep Wrangler', 2020, 5, 5, 1, 'Gasolina', 'Gris'),
(45, 'Sedán', 'ZAB123', 'Toyota Camry', 2023, 4, 5, 0, 'Gasolina', 'Azul'),
(46, 'Deportivo', 'CDE789', 'Honda Civic Type R', 2021, 2, 4, 0, 'Gasolina', 'Blanco'),
(47, 'Camioneta Lujo', 'FGH123', 'Mercedes-Benz GLS', 2020, 4, 5, 0, 'Gasolina', 'Negro'),
(48, 'Compacto', 'IJK789', 'Ford Fiesta', 2022, 4, 5, 0, 'Gasolina', 'Rojo'),
(49, 'SUV', 'LMN123', 'Mitsubishi Montero Sport', 2020, 5, 5, 1, 'Gasolina', 'Gris'),
(50, 'Sedán', 'OPQ789', 'Audi A4', 2023, 4, 5, 0, 'Gasolina', 'Azul'),
(51, 'Deportivo', 'RST456', 'Chevrolet Corvette', 2021, 2, 4, 0, 'Gasolina', 'Blanco'),
(52, 'Camioneta Platón', 'UVW123', 'Chevrolet Silverado', 2020, 4, 5, 0, 'Gasolina', 'Negro'),
(53, 'Compacto', 'XYZ789', 'Volkswagen Polo', 2022, 4, 5, 0, 'Gasolina', 'Rojo'),
(54, 'SUV', 'ABC456', 'Ford Escape', 2020, 5, 5, 1, 'Gasolina', 'Gris'),
(55, 'Sedán', 'DEF123', 'Hyundai Sonata', 2023, 4, 5, 0, 'Gasolina', 'Azul'),
(56, 'Deportivo', 'GHI789', 'BMW M2', 2021, 2, 4, 0, 'Gasolina', 'Blanco'),
(57, 'Camioneta Lujo', 'JKL321', 'Lexus LX', 2020, 4, 5, 0, 'Gasolina', 'Negro'),
(58, 'Compacto', 'MNO987', 'Seat Arona', 2022, 4, 5, 0, 'Gasolina', 'Rojo'),
(59, 'SUV', 'PQR456', 'Kia Telluride', 2020, 5, 5, 1, 'Gasolina', 'Gris'),
(60, 'Sedán', 'STU789', 'Mercedes-Benz Clase E', 2023, 4, 5, 0, 'Gasolina', 'Azul'),
(61, 'Deportivo', 'VWX123', 'Acura NSX', 2021, 2, 4, 0, 'Híbrido', 'Blanco'),
(62, 'Camioneta Platón', 'YZA789', 'Isuzu D-Max', 2020, 4, 5, 0, 'Diesel', 'Negro'),
(63, 'Compacto', 'BCD456', 'Renault Zoe', 2022, 4, 5, 0, 'Eléctrico', 'Rojo'),
(64, 'SUV', 'EFG789', 'Land Rover Discovery Sport', 2020, 5, 5, 1, 'Gasolina', 'Gris'),
(65, 'Sedán', 'HIJ321', 'Alfa Romeo Giulietta', 2023, 4, 5, 0, 'Gasolina', 'Azul'),
(66, 'Deportivo', 'KLM987', 'Subaru BRZ', 2021, 2, 4, 0, 'Gasolina', 'Blanco'),
(67, 'Camioneta Lujo', 'NOP456', 'Cadillac Escalade', 2020, 4, 5, 0, 'Gasolina', 'Negro'),
(68, 'Compacto', 'QRS123', 'Mazda 2', 2022, 4, 5, 0, 'Gasolina', 'Rojo'),
(69, 'SUV', 'TUV789', 'BMW X5', 2020, 5, 5, 1, 'Gasolina', 'Gris'),
(70, 'Sedán', 'WXY321', 'Volvo S90', 2023, 4, 5, 0, 'Gasolina', 'Azul'),
(71, 'Deportivo', 'ZAB987', 'Ford Focus RS', 2021, 2, 4, 0, 'Gasolina', 'Blanco'),
(72, 'Camioneta Platón', 'CDE456', 'Chevrolet Luv D-Max', 2020, 4, 5, 0, 'Diesel', 'Negro'),
(73, 'Compacto', 'FGH123', 'Nissan Micra', 2022, 4, 5, 0, 'Gasolina', 'Rojo'),
(74, 'SUV', 'IJK789', 'Toyota 4Runner', 2020, 5, 5, 1, 'Gasolina', 'Gris'),
(75, 'Sedán', 'LMN321', 'Honda Accord', 2023, 4, 5, 0, 'Gasolina', 'Azul'),
(76, 'Deportivo', 'OPQ987', 'Toyota Supra', 2021, 2, 4, 0, 'Gasolina', 'Blanco'),
(77, 'Camioneta Lujo', 'RST456', 'Mercedes-Benz G-Class', 2020, 4, 5, 0, 'Gasolina', 'Negro'),
(78, 'Compacto', 'UVW123', 'Hyundai i20', 2022, 4, 5, 0, 'Gasolina', 'Rojo'),
(79, 'SUV', 'XYZ789', 'Audi Q5', 2020, 5, 5, 1, 'Gasolina', 'Gris'),
(80, 'Sedán', 'ABC456', 'Renault Fluence', 2023, 4, 5, 0, 'Gasolina', 'Azul'),
(81, 'Deportivo', 'DEF123', 'Chevrolet Camaro ZL1', 2021, 2, 4, 0, 'Gasolina', 'Blanco'),
(82, 'Camioneta Platón', 'GHI789', 'Isuzu NPR', 2020, 4, 5, 0, 'Diesel', 'Negro'),
(83, 'Compacto', 'JKL321', 'Seat Leon', 2022, 4, 5, 0, 'Gasolina', 'Rojo'),
(84, 'SUV', 'MNO987', 'Subaru Outback', 2020, 5, 5, 1, 'Gasolina', 'Gris'),
(85, 'Sedán', 'PQR456', 'BMW Serie 5', 2023, 4, 5, 0, 'Gasolina', 'Azul'),
(86, 'Deportivo', 'STU789', 'Ford Focus ST', 2021, 2, 4, 0, 'Gasolina', 'Blanco'),
(87, 'Camioneta Lujo', 'VWX123', 'Lexus GX', 2020, 4, 5, 0, 'Gasolina', 'Negro'),
(88, 'Compacto', 'YZA789', 'Volkswagen Up!', 2022, 4, 5, 0, 'Gasolina', 'Rojo'),
(89, 'SUV', 'BCD456', 'Jeep Renegade', 2020, 5, 5, 1, 'Gasolina', 'Gris'),
(90, 'Sedán', 'EFG789', 'Audi A6', 2023, 4, 5, 0, 'Gasolina', 'Azul'),
(91, 'Deportivo', 'HIJ321', 'Toyota GR Supra', 2021, 2, 4, 0, 'Gasolina', 'Blanco'),
(92, 'Camioneta Platón', 'KLM987', 'Ford Super Duty', 2020, 4, 5, 0, 'Gasolina', 'Negro'),
(93, 'Compacto', 'NOP456', 'Ford Fiesta ST', 2022, 4, 5, 0, 'Gasolina', 'Rojo'),
(94, 'SUV', 'QRS123', 'Mitsubishi Pajero', 2020, 5, 5, 1, 'Gasolina', 'Gris'),
(95, 'Sedán', 'TUV789', 'Mercedes-Benz Clase S', 2023, 4, 5, 0, 'Gasolina', 'Azul'),
(96, 'Deportivo', 'WXY321', 'Subaru Impreza WRX', 2021, 2, 4, 0, 'Gasolina', 'Blanco'),
(97, 'Camioneta Lujo', 'ZAB987', 'Range Rover Sport', 2020, 4, 5, 0, 'Gasolina', 'Negro'),
(98, 'Compacto', 'CDE456', 'Renault Zoe', 2022, 4, 5, 0, 'Eléctrico', 'Rojo'),
(99, 'SUV', 'FGH123', 'Volvo XC90', 2020, 5, 5, 1, 'Gasolina', 'Gris'),
(100, 'Sedán', 'IJK789', 'Honda Civic Si', 2023, 4, 5, 0, 'Gasolina', 'Azul');

-- CLIENTE
INSERT INTO cliente (id,cedula, nombres, apellidos, direccion, ciudad, celular, correo) VALUES
(1,'1234567890', 'Juan Carlos', 'González Pérez', 'Calle 10 # 20-30', 'Bogotá', '3123456789', 'juancarlos.gonzalez@gmail.com'),
(2,'2345678901', 'María Fernanda', 'Martínez López', 'Carrera 15 # 30-40', 'Medellín', '3209876543', 'mariafernanda.martinez@gmail.com'),
(3,'3456789012', 'Luis Alberto', 'Rodríguez Ramírez', 'Avenida 5 # 10-20', 'Cali', '3112345678', 'luisalberto.rodriguez@gmail.com'),
(4,'4567890123', 'Ana María', 'Gómez García', 'Calle 80 # 40-50', 'Barranquilla', '3145678901', 'anamaria.gomez@gmail.com'),
(5,'5678901234', 'Jorge', 'Hernández Martínez', 'Carrera 20 # 50-60', 'Cartagena', '3101234567', 'jorge.hernandez@gmail.com'),
(6,'6789012345', 'Laura', 'Pérez Rodríguez', 'Avenida 10 # 30-40', 'Bucaramanga', '3178901234', 'laura.perez@gmail.com'),
(7,'7890123456', 'Carlos', 'Sánchez Gómez', 'Carrera 30 # 20-30', 'Santa Marta', '3182345678', 'carlos.sanchez@gmail.com'),
(8,'6789012347', 'Luciana', 'Gómez Hernández', 'Carrera 30 # 10-20', 'Santa Marta', '3182345678', "luciana.gomez@gmail.com"),
(9,'9012345678', 'Andrés Felipe', 'González Ramírez', 'Avenida 15 # 10-20', 'Cúcuta', '3153456789', 'andresfelipe.gonzalez@gmail.com'),
(10,'0123456789', 'Valentina', 'Ramírez Gómez', 'Carrera 25 # 30-40', 'Bogotá', '3134567890', 'valentina.ramirez@gmail.com'),
(11,'1234598765', 'Santiago', 'López Hernández', 'Calle 70 # 20-30', 'Medellín', '3209876543', 'santiago.lopez@gmail.com'),
(12,'2345698765', 'Camila', 'Martínez Ramírez', 'Avenida 8 # 50-60', 'Cali', '3112345678', 'camila.martinez@gmail.com'),
(13,'3456798765', 'Mateo', 'García López', 'Carrera 12 # 40-50', 'Barranquilla', '3145678901', 'mateo.garcia@gmail.com'),
(14,'4567890765', 'Isabela', 'Hernández Gómez', 'Calle 45 # 30-40', 'Cartagena', '3101234567', 'isabela.hernandez@gmail.com'),
(15,'5678901765', 'Daniel', 'Gómez Ramírez', 'Avenida 6 # 10-20', 'Bucaramanga', '3178901234', 'daniel.gomez@gmail.com'),
(16,'6789012765', 'Valeria', 'Martínez Gómez', 'Carrera 35 # 20-30', 'Santa Marta', '3182345678', 'valeria.martinez@gmail.com'),
(17,'7890123765', 'Sebastián', 'Hernández López', 'Calle 80 # 40-50', 'Pereira', '3196789012', 'sebastian.hernandez@gmail.com'),
(18,'8901234765', 'Luciana', 'Pérez Ramírez', 'Avenida 25 # 30-40', 'Cúcuta', '3153456789', 'luciana.perez@gmail.com'),
(19,'9012345765', 'Alejandro', 'González Gómez', 'Carrera 10 # 20-30', 'Bogotá', '3134567890', 'alejandro.gonzalez@gmail.com'),
(20,'0123456781', 'Gabriela', 'López Martínez', 'Calle 60 # 50-60', 'Medellín', '3209876543', 'gabriela.lopez@gmail.com'),
(21,'1234567892', 'Mateo', 'Martínez López', 'Avenida 7 # 40-50', 'Cali', '3112345678', 'mateo.martinez@gmail.com'),
(22,'2345678903', 'Camila', 'Ramírez Gómez', 'Carrera 30 # 10-20', 'Barranquilla', '3145678901', 'camila.ramirez@gmail.com'),
(23,'3456789014', 'Sofía', 'Gómez Hernández', 'Calle 40 # 30-40', 'Cartagena', '3101234567', 'sofia.gomez@gmail.com'),
(24,'4567890125', 'Lucas', 'Hernández Martínez', 'Avenida 10 # 20-30', 'Bucaramanga', '3178901234', 'lucas.hernandez@gmail.com'),
(25,'5678901236', 'Valentina', 'López Ramírez', 'Carrera 5 # 50-60', 'Santa Marta', '3182345678', 'valentina.lopez@gmail.com'),
(26,'6789012347', 'Juan José', 'Gómez Pérez', 'Calle 70 # 40-50', 'Pereira', '3196789012', 'juanjose.gomez@gmail.com'),
(27,'7890123458', 'Isabella', 'Ramírez Gómez', 'Avenida 20 # 30-40', 'Cúcuta', '3153456789', 'isabella.ramirez@gmail.com'),
(28,'8901234569', 'Matías', 'Hernández López', 'Carrera 18 # 40-50', 'Bogotá', '3134567890', 'matias.hernandez@gmail.com'),
(29,'9012345670', 'Emilia', 'Gómez Ramírez', 'Calle 50 # 60-70', 'Medellín', '3209876543', 'emilia.gomez@gmail.com'),
(30,'0123456781', 'Mariana', 'López Gómez', 'Avenida 9 # 20-30', 'Cali', '3112345678', 'mariana.lopez@gmail.com'),
(31,'1234567892', 'Daniel', 'Martínez Ramírez', 'Carrera 25 # 30-40', 'Barranquilla', '3145678901', 'daniel.martinez@gmail.com'),
(32,'2345678903', 'Valeria', 'Ramírez López', 'Calle 60 # 40-50', 'Cartagena', '3101234567', 'valeria.ramirez@gmail.com'),
(33,'3456789014', 'Juan Sebastián', 'Gómez Hernández', 'Avenida 5 # 30-40', 'Bucaramanga', '3178901234', 'juansebastian.gomez@gmail.com'),
(34,'4567890125', 'Renata', 'Hernández Martínez', 'Carrera 30 # 10-20', 'Santa Marta', '3182345678', 'renata.hernandez@gmail.com'),
(35,'5678901236', 'Diego Alejandro', 'López Ramírez', 'Calle 70 # 40-50', 'Pereira', '3196789012', 'diegoalejandro.lopez@gmail.com'),
(36,'6789012347', 'Valentina', 'Gómez Pérez', 'Avenida 20 # 30-40', 'Cúcuta', '3153456789', 'valentina.gomez@gmail.com'),
(37,'7890123458', 'Santiago', 'Ramírez Gómez', 'Carrera 18 # 40-50', 'Bogotá', '3134567890', 'santiago.ramirez@gmail.com'),
(38,'8901234569', 'Mía', 'Hernández López', 'Calle 50 # 60-70', 'Medellín', '3209876543', 'mia.hernandez@gmail.com'),
(39,'9012345670', 'Emiliano', 'Gómez Ramírez', 'Avenida 9 # 20-30', 'Cali', '3112345678', 'emiliano.gomez@gmail.com'),
(40,'0123456781', 'Abril', 'López Gómez', 'Carrera 25 # 30-40', 'Barranquilla', '3145678901', 'abril.lopez@gmail.com'),
(41,'1234567892', 'Tomás', 'Martínez Ramírez', 'Calle 60 # 40-50', 'Cartagena', '3101234567', 'tomas.martinez@gmail.com'),
(42,'2345678903', 'Luciana', 'Ramírez López', 'Avenida 5 # 30-40', 'Bucaramanga', '3178901234', 'luciana.ramirez@gmail.com'),
(43,'3456789014', 'Gabriel', 'Gómez Hernández', 'Carrera 30 # 10-20', 'Santa Marta', '3182345678', 'gabriel.gomez@gmail.com'),
(44,'4567890125', 'Valentina', 'Hernández Martínez', 'Calle 70 # 40-50', 'Pereira', '3196789012', 'valentina.hernandez@gmail.com'),
(45,'5678901236', 'Martín', 'López Ramírez', 'Avenida 20 # 30-40', 'Cúcuta', '3153456789', 'martin.lopez@gmail.com'),
(46,'6789012347', 'Emilia', 'Gómez Pérez', 'Calle 50 # 60-70', 'Bogotá', '3134567890', 'emilia.gomez@gmail.com'),
(47,'7890123458', 'Isaac', 'Ramírez Gómez', 'Carrera 18 # 40-50', 'Medellín', '3209876543', 'isaac.ramirez@gmail.com'),
(48,'8901234569', 'Camila', 'Hernández López', 'Avenida 9 # 20-30', 'Cali', '3112345678', 'camila.hernandez@gmail.com'),
(49,'9012345670', 'Julián', 'Gómez Ramírez', 'Carrera 25 # 30-40', 'Barranquilla', '3145678901', 'julian.gomez@gmail.com'),
(50,'0123456781', 'Valentina', 'Martínez Ramírez', 'Calle 60 # 40-50', 'Cartagena', '3101234567', 'valentina.martinez@gmail.com'),
(51,'1234567892', 'Juan David', 'Ramírez López', 'Avenida 5 # 30-40', 'Bucaramanga', '3178901234', 'juandavid.ramirez@gmail.com'),
(52,'2345678903', 'María José', 'Gómez Hernández', 'Carrera 30 # 10-20', 'Santa Marta', '3182345678', 'mariajose.gomez@gmail.com'),
(53,'3456789014', 'Santiago', 'Hernández Martínez', 'Calle 70 # 40-50', 'Pereira', '3196789012', 'santiago.hernandez@gmail.com'),
(54,'4567890125', 'Emilia', 'López Ramírez', 'Avenida 20 # 30-40', 'Cúcuta', '3153456789', 'emilia.lopez@gmail.com'),
(55,'5678901236', 'Martín', 'Gómez Pérez', 'Calle 50 # 60-70', 'Bogotá', '3134567890', 'martin.gomez@gmail.com'),
(56,'6789012347', 'Isabella', 'Ramírez Gómez', 'Carrera 18 # 40-50', 'Medellín', '3209876543', 'isabella.ramirez@gmail.com'),
(57,'7890123458', 'Lucas', 'Hernández López', 'Avenida 9 # 20-30', 'Cali', '3112345678', 'lucas.hernandez@gmail.com'),
(58,'8901234569', 'Valeria', 'Gómez Ramírez', 'Carrera 25 # 30-40', 'Barranquilla', '3145678901', 'valeria.gomez@gmail.com'),
(59,'9012345670', 'Daniel', 'Martínez Ramírez', 'Calle 60 # 40-50', 'Cartagena', '3101234567', 'daniel.martinez@gmail.com'),
(60,'0123456781', 'Sofía', 'Ramírez López', 'Avenida 5 # 30-40', 'Bucaramanga', '3178901234', 'sofia.ramirez@gmail.com'),
(61,'1234567892', 'Juan Sebastián', 'Gómez Hernández', 'Carrera 30 # 10-20', 'Santa Marta', '3182345678', 'juan.sebastian.gomez@gmail.com'),
(62,'2345678903', 'Camila', 'Hernández Martínez', 'Calle 70 # 40-50', 'Pereira', '3196789012', 'camila.hernandez@gmail.com'),
(63,'3456789014', 'Mateo', 'López Ramírez', 'Avenida 20 # 30-40', 'Cúcuta', '3153456789', 'mateo.lopez@gmail.com'),
(64,'4567890125', 'Valentina', 'Gómez Pérez', 'Calle 50 # 60-70', 'Bogotá', '3134567890', 'valentina.gomez@gmail.com'),
(65,'5678901236', 'Juan Pablo', 'Ramírez Gómez', 'Carrera 18 # 40-50', 'Medellín', '3209876543', 'juanpablo.ramirez@gmail.com'),
(66,'6789012347', 'Mariana', 'Hernández López', 'Avenida 9 # 20-30', 'Cali', '3112345678', 'mariana.hernandez@gmail.com'),
(67,'7890123458', 'Diego', 'Gómez Ramírez', 'Carrera 25 # 30-40', 'Barranquilla', '3145678901', 'diego.gomez@gmail.com'),
(68,'8901234569', 'Valentina', 'Martínez Ramírez', 'Calle 60 # 40-50', 'Cartagena', '3101234567', 'valentina.martinez@gmail.com'),
(69,'9012345670', 'Lucas', 'Ramírez López', 'Avenida 5 # 30-40', 'Bucaramanga', '3178901234', 'lucas.ramirez@gmail.com'),
(70,'0123456781', 'Martina', 'Gómez Hernández', 'Carrera 30 # 10-20', 'Santa Marta', '3182345678', 'martina.gomez@gmail.com'),
(71,'1234567892', 'Santiago', 'Hernández Martínez', 'Calle 70 # 40-50', 'Pereira', '3196789012', 'santiago.hernandez@gmail.com'),
(72,'2345678903', 'Isabella', 'López Ramírez', 'Avenida 20 # 30-40', 'Cúcuta', '3153456789', 'isabella.lopez@gmail.com'),
(73,'3456789014', 'Matías', 'Gómez Pérez', 'Calle 50 # 60-70', 'Bogotá', '3134567890', 'matias.gomez@gmail.com'),
(74,'4567890125', 'Emilia', 'Ramírez Gómez', 'Carrera 18 # 40-50', 'Medellín', '3209876543', 'emilia.ramirez@gmail.com'),
(75,'5678901236', 'Julián', 'Hernández López', 'Avenida 9 # 20-30', 'Cali', '3112345678', 'julian.hernandez@gmail.com'),
(76,'6789012347', 'Valentina', 'Gómez Ramírez', 'Carrera 25 # 30-40', 'Barranquilla', '3145678901', 'valentina.gomez@gmail.com'),
(77,'7890123458', 'Daniel', 'Martínez Ramírez', 'Calle 60 # 40-50', 'Cartagena', '3101234567', 'daniel.martinez@gmail.com'),
(78,'8901234569', 'Luciana', 'Ramírez López', 'Avenida 5 # 30-40', 'Bucaramanga', '3178901234', 'luciana.ramirez@gmail.com'),
(79,'9012345670', 'Gabriel', 'Gómez Hernández', 'Carrera 30 # 10-20', 'Santa Marta', '3182345678', 'gabriel.gomez@gmail.com'),
(80,'0123456781', 'Valeria', 'Hernández Martínez', 'Calle 70 # 40-50', 'Pereira', '3196789012', 'valeria.hernandez@gmail.com'),
(81,'1234567892', 'Lucas', 'López Ramírez', 'Avenida 20 # 30-40', 'Cúcuta', '3153456789', 'lucas.lopez@gmail.com'),
(82,'2345678903', 'Mariana', 'Gómez Pérez', 'Calle 50 # 60-70', 'Bogotá', '3134567890', 'mariana.gomez@gmail.com'),
(83,'3456789014', 'Diego', 'Ramírez Gómez', 'Carrera 18 # 40-50', 'Medellín', '3209876543', 'diego.ramirez@gmail.com'),
(84,'4567890125', 'Valentina', 'Hernández López', 'Avenida 9 # 20-30', 'Cali', '3112345678', 'valentina.hernandez@gmail.com'),
(85,'5678901236', 'Juan Pablo', 'Gómez Ramírez', 'Carrera 25 # 30-40', 'Barranquilla', '3145678901', 'juanpablo.gomez@gmail.com'),
(86,'6789012347', 'Mariana', 'Martínez Ramírez', 'Calle 60 # 40-50', 'Cartagena', '3101234567', 'mariana.martinez@gmail.com'),
(87,'7890123458', 'Tomás', 'Ramírez López', 'Avenida 5 # 30-40', 'Bucaramanga', '3178901234', 'tomas.ramirez@gmail.com'),
(88,'8901234569', 'Luciana', 'Gómez Hernández', 'Carrera 30 # 10-20', 'Santa Marta', '3182345678', 'luciana.gomez@gmail.com'),
(89,'9012345670', 'Camilo', 'Hernández Martínez', 'Calle 70 # 40-50', 'Pereira', '3196789012', 'camilo.hernandez@gmail.com'),
(90,'0123456781', 'Isabella', 'López Ramírez', 'Avenida 20 # 30-40', 'Cúcuta', '3153456789', 'isabella.lopez@gmail.com'),
(91,'1234567892', 'Matías', 'Gómez Pérez', 'Calle 50 # 60-70', 'Bogotá', '3134567890', 'matias.gomez@gmail.com'),
(92,'2345678903', 'Emilia', 'Ramírez Gómez', 'Carrera 18 # 40-50', 'Medellín', '3209876543', 'emilia.ramirez@gmail.com'),
(93,'3456789014', 'Julián', 'Hernández López', 'Avenida 9 # 20-30', 'Cali', '3112345678', 'julian.hernandez@gmail.com'),
(94,'4567890125', 'Valentina', 'Gómez Ramírez', 'Carrera 25 # 30-40', 'Barranquilla', '3145678901', 'valentina.gomez@gmail.com'),
(95,'5678901236', 'Daniel', 'Martínez Ramírez', 'Calle 60 # 40-50', 'Cartagena', '3101234567', 'daniel.martinez@gmail.com'),
(96,'6789012347', 'Luciana', 'Ramírez López', 'Avenida 5 # 30-40', 'Bucaramanga', '3178901234', 'luciana.ramirez@gmail.com'),
(97,'7890123458', 'Gabriel', 'Gómez Hernández', 'Carrera 30 # 10-20', 'Santa Marta', '3182345678', 'gabriel.gomez@gmail.com'),
(98,'8901234569', 'Valeria', 'Hernández Martínez', 'Calle 70 # 40-50', 'Pereira', '3196789012', 'valeria.hernandez@gmail.com'),
(99,'9012345670', 'Lucas', 'López Ramírez', 'Avenida 20 # 30-40', 'Cúcuta', '3153456789', 'lucas.lopez@gmail.com'),
(100,'0123456781', 'Mariana', 'Gómez Pérez', 'Calle 50 # 60-70', 'Bogotá', '3134567890', 'mariana.gomez@gmail.com');

-- SUCURSAL
INSERT INTO sucursal (id,ciudad,direccion,telefono,celular,correo) VALUES
(1,'Bogotá','Carrera 14 # 41-20','601-3198300','300 539 8812','sucursal.bogota@autorental.com'),
(2,'Medellín','Carrera 30 # 91-10','604-3405529','315 587 7773','sucursal.medellin@autorental.com'),
(3,'Cali','Calle 8 # 4-18','602-4226588','304 622 4412','sucursal.cali@autorental.com'),
(4,'Bucaramanga','Carrera 25 # 15-12','607-6754548','321 734 0621','sucursal.bucaramanga@autorental.com'),
(5,'Barranquilla','Calle 22 # 21-33','605-3207863','333 824 6566','sucursal.barranquillas@autorental.com');
-- EMPLEADO
INSERT INTO empleado (id, id_sucursal, cedula, nombres, apellidos, direccion, ciudad, celular, correo) VALUES
(1, 1, '1234567890', 'Juan Carlos', 'Gómez Ramírez', 'Carrera 10 # 11-12', 'Bogotá', '3123456789', 'juancarlos.gomez@gmail.com'),
(2, 2, '2345678901', 'María', 'González', 'Calle 20 # 21-22', 'Medellín', '3212345678', 'maria.gonzalez@gmail.com'),
(3, 3, '3456789012', 'Luis', 'Hernández', 'Avenida 30 # 31-32', 'Cali', '3323456789', 'luis.hernandez@gmail.com'),
(4, 4, '4567890123', 'Ana María', 'López', 'Carrera 40 # 41-42', 'Barranquilla', '3434567890', 'ana.lopez@gmail.com'),
(5, 5, '5678901234', 'Jorge', 'Martínez Gómez', 'Carrera 50 # 51-52', 'Cartagena', '3545678901', 'jorge.martinez@gmail.com'),
(6, 1, '6789012345', 'Paola Andrea', 'Rojas', 'Calle 60 # 61-62', 'Bogotá', '3656789012', 'paola.rojas@gmail.com'),
(7, 2, '7890123456', 'Andrés Felipe', 'Pérez', 'Avenida 70 # 71-72', 'Medellín', '3767890123', 'andres.perez@gmail.com'),
(8, 3, '8901234567', 'Sofía', 'García', 'Carrera 80 # 81-82', 'Cali', '3878901234', 'sofia.garcia@gmail.com'),
(9, 4, '9012345678', 'Carlos Alberto', 'Ramírez', 'Calle 90 # 91-92', 'Barranquilla', '3989012345', 'carlos.ramirez@gmail.com'),
(10, 5, '0123456789', 'Laura', 'Hernández Martínez', 'Carrera 100 # 101-102', 'Cartagena', '4090123456', 'laura.hernandez@gmail.com'),
(11, 1, '1234567890', 'Diego', 'Gómez', 'Calle 110 # 111-112', 'Bogotá', '4111234567', 'diego.gomez@gmail.com'),
(12, 2, '2345678901', 'Marcela', 'Londoño', 'Avenida 120 # 121-122', 'Medellín', '4222345678', 'marcela.londono@gmail.com'),
(13, 3, '3456789012', 'Andrea', 'Hernández López', 'Carrera 130 # 131-132', 'Cali', '4333456789', 'andrea.hernandez@gmail.com'),
(14, 4, '4567890123', 'José Luis', 'Sánchez', 'Calle 140 # 141-142', 'Barranquilla', '4444567890', 'jose.sanchez@gmail.com'),
(15, 5, '5678901234', 'Camila', 'Gómez Martínez', 'Avenida 150 # 151-152', 'Cartagena', '4555678901', 'camila.gomez@gmail.com'),
(16, 1, '6789012345', 'Felipe', 'Rodríguez', 'Carrera 160 # 161-162', 'Bogotá', '4666789012', 'felipe.rodriguez@gmail.com'),
(17, 2, '7890123456', 'Valentina', 'Gutiérrez', 'Calle 170 # 171-172', 'Medellín', '4777890123', 'valentina.gutierrez@gmail.com'),
(18, 3, '8901234567', 'Daniel', 'Gómez Ramírez', 'Avenida 180 # 181-182', 'Cali', '4888901234', 'daniel.gomez@gmail.com'),
(19, 4, '9012345678', 'Isabella', 'Martínez', 'Carrera 190 # 191-192', 'Barranquilla', '4999012345', 'isabella.martinez@gmail.com'),
(20, 5, '0123456789', 'Mateo', 'Hernández García', 'Calle 200 # 201-202', 'Cartagena', '5000123456', 'mateo.hernandez@gmail.com'),
(21, 1, '1234567890', 'Gabriela', 'López', 'Avenida 210 # 211-212', 'Bogotá', '5111234567', 'gabriela.lopez@gmail.com'),
(22, 2, '2345678901', 'Sebastián', 'Pérez', 'Carrera 220 # 221-222', 'Medellín', '5222345678', 'sebastian.perez@gmail.com'),
(23, 3, '3456789012', 'Valeria', 'Ramírez Gómez', 'Calle 230 # 231-232', 'Cali', '5333456789', 'valeria.ramirez@gmail.com'),
(24, 4, '4567890123', 'Martín', 'González', 'Avenida 240 # 241-242', 'Barranquilla', '5444567890', 'martin.gonzalez@gmail.com'),
(25, 5, '5678901234', 'Juliana', 'Hernández Pérez', 'Carrera 250 # 251-252', 'Cartagena', '5555678901', 'juliana.hernandez@gmail.com'),
(26, 1, '6789012345', 'Juan José', 'Sánchez', 'Calle 260 # 261-262', 'Bogotá', '5666789012', 'juan.sanchez@gmail.com'),
(27, 2, '7890123456', 'Carolina', 'Gómez', 'Avenida 270 # 271-272', 'Medellín', '5777890123', 'carolina.gomez@gmail.com'),
(28, 3, '8901234567', 'Andrés', 'Hernández Martínez', 'Carrera 280 # 281-282', 'Cali', '5888901234', 'andres.hernandez@gmail.com'),
(29, 4, '9012345678', 'Paula', 'Martínez Gómez', 'Calle 290 # 291-292', 'Barranquilla', '5999012345', 'paula.martinez@gmail.com'),
(30, 5, '0123456789', 'Miguel Ángel', 'López', 'Avenida 300 # 301-302', 'Cartagena', '6000123456', 'miguel.lopez@gmail.com'),
(31, 1, '1234567890', 'Valentina', 'Hernández', 'Carrera 310 # 311-312', 'Bogotá', '6111234567', 'valentina.hernandez@gmail.com'),
(32, 2, '2345678901', 'Javier', 'Gómez Ramírez', 'Calle 320 # 321-322', 'Medellín', '6222345678', 'javier.gomez@gmail.com'),
(33, 3, '3456789012', 'Fernanda', 'Pérez', 'Avenida 330 # 331-332', 'Cali', '6333456789', 'fernanda.perez@gmail.com'),
(34, 4, '4567890123', 'Santiago', 'Martínez', 'Carrera 340 # 341-342', 'Barranquilla', '6444567890', 'santiago.martinez@gmail.com'),
(35, 5, '5678901234', 'Luciana', 'Ramírez Gómez', 'Calle 350 # 351-352', 'Cartagena', '6555678901', 'luciana.ramirez@gmail.com'),
(36, 1, '6789012345', 'Emilio', 'González', 'Avenida 360 # 361-362', 'Bogotá', '6666789012', 'emilio.gonzalez@gmail.com'),
(37, 2, '7890123456', 'Antonella', 'Hernández Pérez', 'Carrera 370 # 371-372', 'Medellín', '6777890123', 'antonella.hernandez@gmail.com'),
(38, 3, '8901234567', 'Matías', 'Sánchez', 'Calle 380 # 381-382', 'Cali', '6888901234', 'matias.sanchez@gmail.com'),
(39, 4, '9012345678', 'Isabel', 'Gómez Ramírez', 'Avenida 390 # 391-392', 'Barranquilla', '6999012345', 'isabel.gomez@gmail.com'),
(40, 5, '0123456789', 'Simón', 'Martínez Gómez', 'Carrera 400 # 401-402', 'Cartagena', '7000123456', 'simon.martinez@gmail.com'),
(41, 1, '1234567890', 'Renata', 'López', 'Calle 410 # 411-412', 'Bogotá', '7111234567', 'renata.lopez@gmail.com'),
(42, 2, '2345678901', 'Gabriel', 'Pérez', 'Avenida 420 # 421-422', 'Medellín', '7222345678', 'gabriel.perez@gmail.com'),
(43, 3, '3456789012', 'Camilo', 'Ramírez Gómez', 'Carrera 430 # 431-432', 'Cali', '7333456789', 'camilo.ramirez@gmail.com'),
(44, 4, '4567890123', 'Valentina', 'González', 'Calle 440 # 441-442', 'Barranquilla', '7444567890', 'valentina.gonzalez@gmail.com'),
(45, 5, '5678901234', 'Daniel', 'Hernández Pérez', 'Avenida 450 # 451-452', 'Cartagena', '7555678901', 'daniel.hernandez@gmail.com'),
(46, 1, '6789012345', 'María José', 'Sánchez', 'Carrera 460 # 461-462', 'Bogotá', '7666789012', 'maria.sanchez@gmail.com'),
(47, 2, '7890123456', 'Julián', 'Gómez', 'Calle 470 # 471-472', 'Medellín', '7777890123', 'julian.gomez@gmail.com'),
(48, 3, '8901234567', 'Carla', 'Hernández Martínez', 'Avenida 480 # 481-482', 'Cali', '7888901234', 'carla.hernandez@gmail.com'),
(49, 4, '9012345678', 'Alejandro', 'Martínez Gómez', 'Carrera 490 # 491-492', 'Barranquilla', '7999012345', 'alejandro.martinez@gmail.com'),
(50, 5, '0123456789', 'Antonia', 'López', 'Calle 500 # 501-502', 'Cartagena', '8000123456', 'antonia.lopez@gmail.com'),
(51, 1, '1234567890', 'Sebastián', 'Hernández', 'Avenida 510 # 511-512', 'Bogotá', '8111234567', 'sebastian.hernandez@gmail.com'),
(52, 2, '2345678901', 'Valeria', 'Gómez Ramírez', 'Carrera 520 # 521-522', 'Medellín', '8222345678', 'valeria.gomez@gmail.com'),
(53, 3, '3456789012', 'Juan Pablo', 'Pérez', 'Calle 530 # 531-532', 'Cali', '8333456789', 'juanpablo.perez@gmail.com'),
(54, 4, '4567890123', 'Isabella', 'Martínez', 'Avenida 540 # 541-542', 'Barranquilla', '8444567890', 'isabella.martinez@gmail.com'),
(55, 5, '5678901234', 'Mateo', 'Ramírez Gómez', 'Carrera 550 # 551-552', 'Cartagena', '8555678901', 'mateo.ramirez@gmail.com'),
(56, 1, '6789012345', 'Luciana', 'González', 'Calle 560 # 561-562', 'Bogotá', '8666789012', 'luciana.gonzalez@gmail.com'),
(57, 2, '7890123456', 'Emilio', 'Hernández Pérez', 'Avenida 570 # 571-572', 'Medellín', '8777890123', 'emilio.hernandez@gmail.com'),
(58, 3, '8901234567', 'Antonella', 'Sánchez', 'Carrera 580 # 581-582', 'Cali', '8888901234', 'antonella.sanchez@gmail.com'),
(59, 4, '9012345678', 'Matías', 'Gómez Ramírez', 'Calle 590 # 591-592', 'Barranquilla', '8999012345', 'matias.gomez@gmail.com'),
(60, 5, '0123456789', 'Isabel', 'Martínez Gómez', 'Avenida 600 # 601-602', 'Cartagena', '9000123456', 'isabel.martinez@gmail.com'),
(61, 1, '1234567890', 'Simón', 'López', 'Carrera 610 # 611-612', 'Bogotá', '9111234567', 'simon.lopez@gmail.com'),
(62, 2, '2345678901', 'Renata', 'Pérez', 'Calle 620 # 621-622', 'Medellín', '9222345678', 'renata.perez@gmail.com'),
(63, 3, '3456789012', 'Gabriel', 'Ramírez Gómez', 'Avenida 630 # 631-632', 'Cali', '9333456789', 'gabriel.ramirez@gmail.com'),
(64, 4, '4567890123', 'Camila', 'González', 'Carrera 640 # 641-642', 'Barranquilla', '9444567890', 'camila.gonzalez@gmail.com'),
(65, 5, '5678901234', 'Daniel', 'Hernández Pérez', 'Calle 650 # 651-652', 'Cartagena', '9555678901', 'daniel.hernandez@gmail.com'),
(66, 1, '6789012345', 'María José', 'Sánchez', 'Avenida 660 # 661-662', 'Bogotá', '9666789012', 'maria.sanchez@gmail.com'),
(67, 2, '7890123456', 'Julián', 'Gómez', 'Carrera 670 # 671-672', 'Medellín', '9777890123', 'julian.gomez@gmail.com'),
(68, 3, '8901234567', 'Carla', 'Hernández Martínez', 'Calle 680 # 681-682', 'Cali', '9888901234', 'carla.hernandez@gmail.com'),
(69, 4, '9012345678', 'Alejandro', 'Martínez Gómez', 'Avenida 690 # 691-692', 'Barranquilla', '9999012345', 'alejandro.martinez@gmail.com'),
(70, 5, '0123456789', 'Antonia', 'López', 'Carrera 700 # 701-702', 'Cartagena', '0000123456', 'antonia.lopez@gmail.com'),
(71, 1, '1234567890', 'Sebastián', 'Hernández', 'Calle 710 # 711-712', 'Bogotá', '0111234567', 'sebastian.hernandez@gmail.com'),
(72, 2, '2345678901', 'Valeria', 'Gómez Ramírez', 'Avenida 720 # 721-722', 'Medellín', '0222345678', 'valeria.gomez@gmail.com'),
(73, 3, '3456789012', 'Juan Pablo', 'Pérez', 'Calle 730 # 731-732', 'Cali', '0333456789', 'juanpablo.perez@gmail.com'),
(74, 4, '4567890123', 'Isabella', 'Martínez', 'Avenida 740 # 741-742', 'Barranquilla', '0444567890', 'isabella.martinez@gmail.com'),
(75, 5, '5678901234', 'Mateo', 'Ramírez Gómez', 'Carrera 750 # 751-752', 'Cartagena', '0555678901', 'mateo.ramirez@gmail.com'),
(76, 1, '6789012345', 'Luciana', 'González', 'Calle 760 # 761-762', 'Bogotá', '0666789012', 'luciana.gonzalez@gmail.com'),
(77, 2, '7890123456', 'Emilio', 'Hernández Pérez', 'Avenida 770 # 771-772', 'Medellín', '0777890123', 'emilio.hernandez@gmail.com'),
(78, 3, '8901234567', 'Antonella', 'Sánchez', 'Carrera 780 # 781-782', 'Cali', '0888901234', 'antonella.sanchez@gmail.com'),
(79, 4, '9012345678', 'Matías', 'Gómez Ramírez', 'Calle 790 # 791-792', 'Barranquilla', '0999012345', 'matias.gomez@gmail.com'),
(80, 5, '0123456789', 'Isabel', 'Martínez Gómez', 'Avenida 800 # 801-802', 'Cartagena', '1000123456', 'isabel.martinez@gmail.com'),
(81, 1, '1234567890', 'Simón', 'López', 'Carrera 810 # 811-812', 'Bogotá', '1111234567', 'simon.lopez@gmail.com'),
(82, 2, '2345678901', 'Renata', 'Pérez', 'Calle 820 # 821-822', 'Medellín', '1222345678', 'renata.perez@gmail.com'),
(83, 3, '3456789012', 'Gabriel', 'Ramírez Gómez', 'Avenida 830 # 831-832', 'Cali', '1333456789', 'gabriel.ramirez@gmail.com'),
(84, 4, '4567890123', 'Camila', 'González', 'Carrera 840 # 841-842', 'Barranquilla', '1444567890', 'camila.gonzalez@gmail.com'),
(85, 5, '5678901234', 'Daniel', 'Hernández Pérez', 'Calle 850 # 851-852', 'Cartagena', '1555678901', 'daniel.hernandez@gmail.com'),
(86, 1, '6789012345', 'María José', 'Sánchez', 'Avenida 860 # 861-862', 'Bogotá', '1666789012', 'maria.sanchez@gmail.com'),
(87, 2, '7890123456', 'Julián', 'Gómez', 'Carrera 870 # 871-872', 'Medellín', '1777890123', 'julian.gomez@gmail.com'),
(88, 3, '8901234567', 'Carla', 'Hernández Martínez', 'Calle 880 # 881-882', 'Cali', '1888901234', 'carla.hernandez@gmail.com'),
(89, 4, '9012345678', 'Alejandro', 'Martínez Gómez', 'Avenida 890 # 891-892', 'Barranquilla', '1999012345', 'alejandro.martinez@gmail.com'),
(90, 5, '0123456789', 'Antonia', 'López', 'Carrera 900 # 901-902', 'Cartagena', '2000123456', 'antonia.lopez@gmail.com'),
(91, 1, '1234567890', 'Sebastián', 'Hernández', 'Calle 910 # 911-912', 'Bogotá', '2111234567', 'sebastian.hernandez@gmail.com'),
(92, 2, '2345678901', 'Valeria', 'Gómez Ramírez', 'Avenida 920 # 921-922', 'Medellín', '2222345678', 'valeria.gomez@gmail.com'),
(93, 3, '3456789012', 'Juan Pablo', 'Pérez', 'Calle 930 # 931-932', 'Cali', '2333456789', 'juanpablo.perez@gmail.com'),
(94, 4, '4567890123', 'Isabella', 'Martínez', 'Avenida 940 # 941-942', 'Barranquilla', '2444567890', 'isabella.martinez@gmail.com'),
(95, 5, '5678901234', 'Mateo', 'Ramírez Gómez', 'Carrera 950 # 951-952', 'Cartagena', '2555678901', 'mateo.ramirez@gmail.com'),
(96, 1, '6789012345', 'Luciana', 'González', 'Calle 960 # 961-962', 'Bogotá', '2666789012', 'luciana.gonzalez@gmail.com'),
(97, 2, '7890123456', 'Emilio', 'Hernández Pérez', 'Avenida 970 # 971-972', 'Medellín', '2777890123', 'emilio.hernandez@gmail.com'),
(98, 3, '8901234567', 'Antonella', 'Sánchez', 'Carrera 980 # 981-982', 'Cali', '2888901234', 'antonella.sanchez@gmail.com'),
(99, 4, '9012345678', 'Matías', 'Gómez Ramírez', 'Calle 990 # 991-992', 'Barranquilla', '2999012345', 'matias.gomez@gmail.com'),
(100, 5, '0123456789', 'Isabel', 'Martínez Gómez', 'Avenida 1000 # 1001-1002', 'Cartagena', '3000123456', 'isabel.martinez@gmail.com');
-- ALQUILER
INSERT INTO alquiler (id,id_vehiculo, id_cliente, id_empleado, sucursal_salida, fecha_salida, sucursal_llegada, fecha_llegada, 
fecha_esperada_llegada, alquiler_semana, alquiler_dia, descuento, valor_cotizado, valor_pagado) VALUES
(1,10, 25, 50, 3, '2023-06-10', 4, '2023-06-13', '2023-06-15', 200.00, 28.50, 0.15, 570.00, 484.50),
(2,23, 36, 78, 5, '2023-07-15', 1, '2023-07-18', '2023-07-20', 225.00, 32.00, NULL, 620.00, 620.00),
(3,17, 15, 62, 2, '2023-08-20', 3, '2023-08-23', '2023-08-25', 210.00, 30.00, 0.1, 580.00, 522.00),
(4,31, 42, 89, 4, '2023-09-05', 2, '2023-09-08', '2023-09-10', 240.00, 34.00, NULL, 670.00, 670.00),
(5,45, 54, 73, 1, '2023-10-18', 5, '2023-10-21', '2023-10-23', 260.00, 36.50, 0.2, 720.00, 576.00),
(6,8, 12, 29, 3, '2023-11-12', 4, '2023-11-15', '2023-11-17', 190.00, 27.00, NULL, 520.00, 520.00),
(7,5, 7, 18, 5, '2023-12-08', 1, '2023-12-11', '2023-12-13', 175.00, 25.00, 0.12, 480.00, 422.40),
(8,37, 47, 83, 2, '2024-01-20', 3, '2024-01-23', '2024-01-25', 250.00, 35.00, NULL, 700.00, 700.00),
(9,14, 21, 55, 4, '2024-02-05', 2, '2024-02-08', '2024-02-10', 220.00, 31.00, 0.18, 600.00, 492.00),
(10,2, 5, 11, 1, '2024-03-10', 5, '2024-03-13', '2024-03-15', 195.00, 28.00, NULL, 560.00, 560.00),
(11,19, 32, 65, 3, '2024-04-15', 4, '2024-04-18', '2024-04-20', 230.00, 33.00, NULL, 660.00, 660.00),
(12,41, 49, 92, 5, '2024-05-20', 1, '2024-05-23', '2024-05-25', 255.00, 36.50, 0.2, 710.00, 568.00),
(13,28, 28, 79, 2, '2024-06-10', 3, '2024-06-13', '2024-06-15', 240.00, 34.00, NULL, 670.00, 670.00),
(14,50, 58, 95, 4, '2024-07-05', 2, '2024-07-08', '2024-07-10', 280.00, 40.00, NULL, 800.00, 800.00),
(15,13, 18, 57, 1, '2024-08-10', 5, '2024-08-13', '2024-08-15', 215.00, 30.50, 0.15, 590.00, 501.50),
(16,26, 37, 80, 3, '2024-09-15', 4, '2024-09-18', '2024-09-20', 250.00, 35.00, NULL, 700.00, 700.00),
(17,47, 55, 76, 5, '2024-10-10', 1, '2024-10-13', '2024-10-15', 270.00, 38.50, 0.22, 770.00, 600.60),
(18,9, 14, 31, 2, '2024-11-05', 3, '2024-11-08', '2024-11-10', 200.00, 29.00, NULL, 580.00, 580.00),
(19,24, 39, 67, 4, '2024-12-01', 2, '2024-12-04', '2024-12-06', 225.00, 32.50, 0.18, 620.00, 508.40),
(20,16, 23, 60, 1, '2025-01-15', 5, '2025-01-18', '2025-01-20', 230.00, 33.00, NULL, 660.00, 660.00),
(21,38, 51, 88, 3, '2025-02-20', 4, '2025-02-23', '2025-02-25', 255.00, 36.50, 0.2, 710.00, 568.00),
(22,6, 8, 22, 5, '2025-03-10', 1, '2025-03-13', '2025-03-15', 180.00, 26.00, NULL, 500.00, 500.00),
(23,30, 45, 84, 2, '2025-04-15', 3, '2025-04-18', '2025-04-20', 245.00, 35.00, NULL, 690.00, 690.00),
(24,22, 35, 72, 4, '2025-05-20', 2, '2025-05-23', '2025-05-25', 235.00, 33.50, 0.18, 670.00, 549.40),
(25,4, 6, 16, 1, '2025-06-10', 5, '2025-06-13', '2025-06-15', 175.00, 25.00, NULL, 480.00, 480.00),
(26,40, 53, 93, 3, '2025-07-05', 4, '2025-07-08', '2025-07-10', 260.00, 37.00, 0.25, 740.00, 555.00),
(27,11, 17, 38, 5, '2025-08-10', 1, '2025-08-13', '2025-08-15', 205.00, 29.50, NULL, 590.00, 590.00),
(28,35, 49, 87, 2, '2025-09-15', 3, '2025-09-18', '2025-09-20', 250.00, 35.00, 0.2, 700.00, 560.00),
(29,18, 29, 64, 4, '2025-10-20', 2, '2025-10-23', '2025-10-25', 225.00, 32.00, NULL, 620.00, 620.00),
(30,48, 57, 91, 1, '2025-11-15', 5, '2025-11-18', '2025-11-20', 275.00, 39.00, 0.22, 790.00, 615.80),
(31,29, 41, 82, 3, '2025-12-10', 4, '2025-12-13', '2025-12-15', 240.00, 34.50, NULL, 670.00, 670.00),
(32,7, 10, 24, 5, '2026-01-05', 1, '2026-01-08', '2026-01-10', 185.00, 27.00, 0.12, 510.00, 448.80),
(33,32, 46, 85, 2, '2026-02-10', 3, '2026-02-13', '2026-02-15', 245.00, 35.00, NULL, 690.00, 690.00),
(34,15, 26, 59, 4, '2026-03-15', 2, '2026-03-18', '2026-03-20', 220.00, 31.50, 0.18, 600.00, 492.00),
(35,3, 4, 14, 1, '2026-04-20', 5, '2026-04-23', '2026-04-25', 170.00, 24.50, NULL, 460.00, 460.00),
(36,42, 52, 90, 3, '2026-05-10', 4, '2026-05-13', '2026-05-15', 265.00, 38.00, 0.25, 750.00, 562.50),
(37,25, 38, 81, 5, '2026-06-15', 1, '2026-06-18', '2026-06-20', 230.00, 33.00, NULL, 660.00, 660.00),
(38,12, 19, 44, 2, '2026-07-10', 3, '2026-07-13', '2026-07-15', 210.00, 30.00, 0.15, 580.00, 493.00),
(39,46, 56, 77, 4, '2026-08-20', 2, '2026-08-23', '2026-08-25', 270.00, 38.50, 0.22, 770.00, 600.60),
(40,21, 34, 70, 1, '2026-09-25', 5, '2026-09-28', '2026-09-30', 235.00, 34.00, NULL, 670.00, 670.00),
(41,39, 50, 86, 3, '2026-10-10', 4, '2026-10-13', '2026-10-15', 255.00, 36.50, 0.2, 710.00, 568.00),
(42,1, 1, 3, 5, '2026-11-15', 1, '2026-11-18', '2026-11-20', 180.00, 26.00, NULL, 500.00, 500.00),
(43,27, 40, 80, 2, '2026-12-20', 3, '2026-12-23', '2026-12-25', 235.00, 33.50, 0.18, 670.00, 549.40),
(44,44, 55, 92, 4, '2027-01-10', 2, '2027-01-13', '2027-01-15', 270.00, 38.50, 0.25, 770.00, 577.50),
(45,20, 33, 68, 1, '2027-02-15', 5, '2027-02-18', '2027-02-20', 225.00, 32.00, NULL, 620.00, 620.00),
(46,34, 48, 89, 3, '2027-03-10', 4, '2027-03-13', '2027-03-15', 250.00, 35.50, 0.2, 700.00, 560.00),
(47,49, 59, 94, 5, '2027-04-20', 1, '2027-04-23', '2027-04-25', 280.00, 40.00, NULL, 800.00, 800.00),
(48,4, 2, 7, 2, '2027-05-25', 3, '2027-05-28', '2027-05-30', 175.00, 25.00, 0.12, 480.00, 422.40),
(49,33, 47, 85, 4, '2027-06-10', 2, '2027-06-13', '2027-06-15', 245.00, 35.00, NULL, 690.00, 690.00),
(50,18, 30, 63, 1, '2027-07-15', 5, '2027-07-18', '2027-07-20', 220.00, 31.50, 0.18, 600.00, 492.00),
(51,43, 54, 91, 3, '2027-08-10', 4, '2027-08-13', '2027-08-15', 265.00, 38.00, 0.25, 750.00, 562.50),
(52,15, 25, 61, 5, '2027-09-20', 1, '2027-09-23', '2027-09-25', 210.00, 30.00, NULL, 580.00, 580.00),
(53,7, 9, 21, 2, '2027-10-25', 3, '2027-10-28', '2027-10-30', 185.00, 27.00, 0.12, 510.00, 448.80),
(54,31, 43, 88, 4, '2027-11-10', 2, '2027-11-13', '2027-11-15', 240.00, 34.50, NULL, 670.00, 670.00),
(55,13, 19, 39, 1, '2027-12-15', 5, '2027-12-18', '2027-12-20', 215.00, 31.00, 0.15, 590.00, 501.50),
(56,26, 36, 81, 3, '2028-01-20', 4, '2028-01-23', '2028-01-25', 235.00, 33.50, NULL, 670.00, 670.00),
(57,48, 58, 95, 5, '2028-02-10', 1, '2028-02-13', '2028-02-15', 275.00, 39.00, 0.22, 790.00, 615.80),
(58,10, 16, 32, 2, '2028-03-25', 3, '2028-03-28', '2028-03-30', 205.00, 29.50, NULL, 590.00, 590.00),
(59,24, 41, 79, 4, '2028-04-10', 2, '2028-04-13', '2028-04-15', 225.00, 32.50, 0.18, 620.00, 508.40),
(60,16, 27, 64, 1, '2028-05-15', 5, '2028-05-18', '2028-05-20', 230.00, 33.00, NULL, 660.00, 660.00),
(70,38, 52, 89, 3, '2028-06-20', 4, '2028-06-23', '2028-06-25', 255.00, 36.50, 0.2, 710.00, 568.00),
(71,6, 5, 17, 5, '2028-07-10', 1, '2028-07-13', '2028-07-15', 180.00, 26.00, NULL, 500.00, 500.00),
(72,29, 44, 83, 2, '2028-08-15', 3, '2028-08-18', '2028-08-20', 235.00, 33.50, 0.18, 670.00, 549.40),
(73,1, 3, 8, 4, '2028-09-20', 2, '2028-09-23', '2028-09-25', 170.00, 24.50, NULL, 460.00, 460.00),
(74,19, 31, 66, 1, '2028-10-10', 5, '2028-10-13', '2028-10-15', 230.00, 33.00, NULL, 660.00, 660.00),
(75,41, 50, 90, 3, '2028-11-15', 4, '2028-11-18', '2028-11-20', 265.00, 38.00, 0.25, 750.00, 562.50),
(76,28, 39, 82, 5, '2028-12-10', 1, '2028-12-13', '2028-12-15', 240.00, 34.50, NULL, 670.00, 670.00),
(77,50, 60, 94, 2, '2029-01-05', 3, '2029-01-08', '2029-01-10', 280.00, 40.00, NULL, 800.00, 800.00),
(78,14, 22, 58, 4, '2029-02-20', 2, '2029-02-23', '2029-02-25', 220.00, 31.50, 0.18, 600.00, 492.00),
(79,2, 4, 12, 1, '2029-03-15', 5, '2029-03-18', '2029-03-20', 175.00, 25.00, NULL, 480.00, 480.00),
(80,37, 48, 86, 3, '2029-04-10', 4, '2029-04-13', '2029-04-15', 250.00, 35.50, 0.2, 700.00, 560.00),
(81,12, 20, 36, 5, '2029-05-15', 1, '2029-05-18', '2029-05-20', 210.00, 30.00, 0.15, 580.00, 493.00),
(82,5, 9, 16, 2, '2029-06-10', 3, '2029-06-13', '2029-06-15', 180.00, 26.00, NULL, 500.00, 500.00),
(83,30, 45, 83, 4, '2029-07-15', 2, '2029-07-18', '2029-07-20', 245.00, 35.00, 0.2, 690.00, 552.00),
(84,23, 35, 69, 1, '2029-08-20', 5, '2029-08-23', '2029-08-25', 225.00, 32.00, NULL, 620.00, 620.00),
(85,47, 57, 93, 3, '2029-09-05', 4, '2029-09-08', '2029-09-10', 270.00, 38.50, 0.22, 770.00, 600.60),
(86,11, 18, 37, 5, '2029-10-18', 1, '2029-10-21', '2029-10-23', 205.00, 29.50, NULL, 590.00, 590.00),
(87,36, 49, 87, 2, '2029-11-12', 3, '2029-11-15', '2029-11-17', 250.00, 35.50, 0.2, 700.00, 560.00),
(88,19, 29, 64, 4, '2029-12-08', 2, '2029-12-11', '2029-12-13', 230.00, 33.00, NULL, 660.00, 660.00),
(89,3, 5, 13, 1, '2030-01-20', 5, '2030-01-23', '2030-01-25', 175.00, 25.00, NULL, 480.00, 480.00),
(90,42, 53, 90, 3, '2030-02-05', 4, '2030-02-08', '2030-02-10', 265.00, 38.00, 0.25, 750.00, 562.50),
(91,25, 37, 81, 5, '2030-03-10', 1, '2030-03-13', '2030-03-15', 230.00, 33.00, NULL, 660.00, 660.00),
(92,8, 13, 30, 2, '2030-04-15', 3, '2030-04-18', '2030-04-20', 190.00, 27.00, NULL, 520.00, 520.00),
(93,51, 61, 95, 4, '2030-05-20', 2, '2030-05-23', '2030-05-25', 280.00, 40.00, NULL, 800.00, 800.00),
(94,14, 24, 57, 1, '2030-06-12', 5, '2030-06-15', '2030-06-17', 215.00, 31.00, 0.15, 590.00, 501.50),
(95,27, 41, 82, 3, '2030-07-05', 4, '2030-07-08', '2030-07-10', 235.00, 33.50, NULL, 670.00, 670.00),
(96,45, 55, 92, 5, '2030-08-20', 1, '2030-08-23', '2030-08-25', 260.00, 37.00, 0.25, 740.00, 555.00),
(97,10, 17, 33, 2, '2030-09-05', 3, '2030-09-08', '2030-09-10', 200.00, 29.00, NULL, 580.00, 580.00),
(98,34, 46, 86, 4, '2030-10-18', 2, '2030-10-21', '2030-10-23', 245.00, 35.00, 0.2, 690.00, 552.00),
(99,17, 28, 63, 1, '2030-11-12', 5, '2030-11-15', '2030-11-17', 210.00, 30.00, NULL, 580.00, 580.00),
(100,49, 59, 94, 3, '2030-12-08', 4, '2030-12-11', '2030-12-13', 275.00, 39.00, 0.22, 790.00, 615.80);

-- REALIZADO POR PAULA MUÑOZ /ID.1.095.953.057 
